"URL","Submitted"
"https://tools.pixocraft.in/tools/productivity","12-27-2025T11:39:00-08:00"
"https://tools.pixocraft.in/tools/random","12-27-2025T11:39:00-08:00"
"https://tools.pixocraft.in/tools/privacy","12-27-2025T11:39:00-08:00"
"https://tools.pixocraft.in/tools/media","12-27-2025T11:38:00-08:00"
"https://tools.pixocraft.in/tools/developer","12-27-2025T11:38:00-08:00"
"https://tools.pixocraft.in/tools/pdf","12-27-2025T11:38:00-08:00"
"https://tools.pixocraft.in/tools/math","12-27-2025T11:38:00-08:00"
"https://tools.pixocraft.in/tools/image","12-27-2025T11:38:00-08:00"
"https://tools.pixocraft.in/tools/text","12-27-2025T11:37:00-08:00"
"https://tools.pixocraft.in/blogs/image-compression-web-performance","12-21-2025T00:59:00-08:00"
"https://tools.pixocraft.in/blogs/why-use-temporary-email-top-use-cases","12-21-2025T00:58:00-08:00"
"https://tools.pixocraft.in/blogs/strong-password-guide-2026","12-21-2025T00:58:00-08:00"
"https://tools.pixocraft.in/blogs/what-is-temp-mail","12-21-2025T00:58:00-08:00"
"https://tools.pixocraft.in/tools/mp4-to-mp3","12-21-2025T00:57:00-08:00"
"https://tools.pixocraft.in/tools/gif-to-mp4","12-21-2025T00:57:00-08:00"
"https://tools.pixocraft.in/tools/audio-noise-remover","12-21-2025T00:57:00-08:00"
"https://tools.pixocraft.in/tools/video-compressor","12-21-2025T00:57:00-08:00"
"https://tools.pixocraft.in/tools/gif-compressor","12-21-2025T00:56:00-08:00"
"https://tools.pixocraft.in/tools/mp3-cutter","12-21-2025T00:56:00-08:00"
"https://tools.pixocraft.in/tools/audio-to-mp3","12-21-2025T00:56:00-08:00"
"https://tools.pixocraft.in/tools/invoice-generator","12-21-2025T00:55:00-08:00"
"https://tools.pixocraft.in/tools/receipt-generator","12-21-2025T00:55:00-08:00"
"https://tools.pixocraft.in/tools/video-to-gif","12-21-2025T00:55:00-08:00"
"https://tools.pixocraft.in/tools/text-summarizer","12-21-2025T00:54:00-08:00"
"https://tools.pixocraft.in/tools/image-rotate-tool","12-21-2025T00:54:00-08:00"
"https://tools.pixocraft.in/tools/jpg-to-png","12-21-2025T00:54:00-08:00"
"https://tools.pixocraft.in/tools/image-grayscale-tool","12-21-2025T00:54:00-08:00"
"https://tools.pixocraft.in/tools/image-invert-tool","12-21-2025T00:53:00-08:00"
"https://tools.pixocraft.in/tools/image-darken-tool","12-21-2025T00:53:00-08:00"
"https://tools.pixocraft.in/tools/image-mirror-tool","12-21-2025T00:53:00-08:00"
"https://tools.pixocraft.in/tools/exif-remover","12-21-2025T00:52:00-08:00"
"https://tools.pixocraft.in/tools/image-blur-tool","12-21-2025T00:51:00-08:00"
"https://tools.pixocraft.in/tools/image-pixelator","12-21-2025T00:50:00-08:00"
"https://tools.pixocraft.in/tools/dominant-color-finder","12-21-2025T00:46:00-08:00"
"https://tools.pixocraft.in/tools/og-preview","12-21-2025T00:41:00-08:00"
"https://tools.pixocraft.in/tools/image-cropper","12-21-2025T00:37:00-08:00"
"https://tools.pixocraft.in/tools/image-to-base64","12-21-2025T00:36:00-08:00"
"https://tools.pixocraft.in/tools/base64-to-image","12-21-2025T00:36:00-08:00"
"https://tools.pixocraft.in/tools/pdf-password-remover","12-21-2025T00:33:00-08:00"
"https://tools.pixocraft.in/tools/extract-numbers","12-21-2025T00:32:00-08:00"
"https://tools.pixocraft.in/tools/text-rotator","12-21-2025T00:32:00-08:00"
"https://tools.pixocraft.in/tools/remove-numbers","12-21-2025T00:32:00-08:00"
"https://tools.pixocraft.in/tools/ascii-art-generator","12-21-2025T00:30:00-08:00"
"https://tools.pixocraft.in/tools/gradient-text-generator","12-21-2025T00:29:00-08:00"
"https://tools.pixocraft.in/tools/text-spacer","12-21-2025T00:27:00-08:00"
"https://tools.pixocraft.in/tools/word-frequency-counter","12-21-2025T00:26:00-08:00"
"https://tools.pixocraft.in/tools/glitch-text-generator","12-21-2025T00:26:00-08:00"
"https://tools.pixocraft.in/tools/superscript-generator","12-21-2025T00:25:00-08:00"
"https://tools.pixocraft.in/tools/morse-code-translator","12-21-2025T00:25:00-08:00"
"https://tools.pixocraft.in/tools/subscript-generator","12-21-2025T00:25:00-08:00"
"https://tools.pixocraft.in/tools/title-case-converter","12-21-2025T00:24:00-08:00"
"https://tools.pixocraft.in/tools/text-cleaner","12-21-2025T00:24:00-08:00"
"https://tools.pixocraft.in/tools/case-randomizer","12-21-2025T00:24:00-08:00"
"https://tools.pixocraft.in/tools/random-string-generator","12-21-2025T00:23:00-08:00"
"https://tools.pixocraft.in/tools/text-diff","12-21-2025T00:23:00-08:00"
"https://tools.pixocraft.in/tools/character-map","12-21-2025T00:22:00-08:00"
"https://tools.pixocraft.in/tools/ascii-converter","12-21-2025T00:22:00-08:00"
"https://tools.pixocraft.in/tools/text-to-speech","12-21-2025T00:21:00-08:00"
"https://tools.pixocraft.in/tools/sentence-case-converter","12-21-2025T00:21:00-08:00"
"https://tools.pixocraft.in/tools/text-repeater","12-21-2025T00:21:00-08:00"
"https://tools.pixocraft.in/tools/emoji-remover","12-21-2025T00:20:00-08:00"
"https://tools.pixocraft.in/tools/base64-encoder","12-21-2025T00:20:00-08:00"
"https://tools.pixocraft.in/tools/text-differ","12-21-2025T00:20:00-08:00"
"https://tools.pixocraft.in/tools/text-case-converter","12-21-2025T00:19:00-08:00"
"https://tools.pixocraft.in/tools/hash-generator","12-21-2025T00:18:00-08:00"
"https://tools.pixocraft.in/tools/percentage-calculator","12-21-2025T00:15:00-08:00"
"https://tools.pixocraft.in/tools/qr-maker","12-21-2025T00:13:00-08:00"
"https://tools.pixocraft.in/tools/html-to-pdf","12-21-2025T00:12:00-08:00"
"https://tools.pixocraft.in/tools/excel-to-pdf","12-21-2025T00:12:00-08:00"
"https://tools.pixocraft.in/tools/pdf-compressor","12-21-2025T00:11:00-08:00"
"https://tools.pixocraft.in/tools/pdf-watermark-adder","12-21-2025T00:11:00-08:00"
"https://tools.pixocraft.in/tools/image-to-pdf","12-21-2025T00:10:00-08:00"
"https://tools.pixocraft.in/tools/pdf-to-image","12-21-2025T00:10:00-08:00"
"https://tools.pixocraft.in/tools/pdf-rotator","12-21-2025T00:09:00-08:00"
"https://tools.pixocraft.in/tools/pdf-splitter","12-21-2025T00:09:00-08:00"
"https://tools.pixocraft.in/tools/png-to-jpg","12-21-2025T00:08:00-08:00"
"https://tools.pixocraft.in/tools/pdf-merger","12-21-2025T00:08:00-08:00"
"https://tools.pixocraft.in/tools/image-resizer","12-21-2025T00:02:00-08:00"
"https://tools.pixocraft.in/tools/image-compressor","12-21-2025T00:02:00-08:00"
"https://tools.pixocraft.in/tools/word-counter","12-21-2025T00:00:00-08:00"
"https://tools.pixocraft.in/tools/text-encrypt-decrypt","12-20-2025T23:59:00-08:00"
"https://tools.pixocraft.in/tools/password-strength-checker","12-20-2025T23:57:00-08:00"
"https://tools.pixocraft.in/tools/temp-mail","12-20-2025T23:56:00-08:00"
"https://tools.pixocraft.in/privacy","12-20-2025T23:55:00-08:00"
"https://tools.pixocraft.in/about","12-20-2025T23:55:00-08:00"
"https://tools.pixocraft.in/contact","12-20-2025T23:55:00-08:00"
"https://tools.pixocraft.in/blogs","12-20-2025T23:54:00-08:00"
"https://tools.pixocraft.in/tools","12-20-2025T23:53:00-08:00"
"https://tools.pixocraft.in/","12-20-2025T23:52:00-08:00"
